"","Gene.stable.ID","Gene.stable.ID.version","Transcript.stable.ID","Transcript.stable.ID.version","Gene.description","Gene.type","AFFY.Mouse430.2.probe","MGI.symbol"
"1","ENSMUSG00000060188","ENSMUSG00000060188.7","ENSMUST00000200880","ENSMUST00000200880.4","chemokine.(C-X-C.motif).ligand.17.[Source:MGI.Symbol;Acc:MGI:2387642]","protein_coding","1451610_at","Cxcl17"
"2","ENSMUSG00000060188","ENSMUSG00000060188.7","ENSMUST00000074040","ENSMUST00000074040.4","chemokine.(C-X-C.motif).ligand.17.[Source:MGI.Symbol;Acc:MGI:2387642]","protein_coding","1451610_at","Cxcl17"
"3","ENSMUSG00000054863","ENSMUSG00000054863.10","ENSMUST00000230414","ENSMUST00000230414.2","TAFA.chemokine.like.family.member.5.[Source:MGI.Symbol;Acc:MGI:2146182]","protein_coding","1419489_at","Tafa5"
"4","ENSMUSG00000054863","ENSMUSG00000054863.10","ENSMUST00000230414","ENSMUST00000230414.2","TAFA.chemokine.like.family.member.5.[Source:MGI.Symbol;Acc:MGI:2146182]","protein_coding","1419490_at","Tafa5"
"5","ENSMUSG00000054863","ENSMUSG00000054863.10","ENSMUST00000068088","ENSMUST00000068088.8","TAFA.chemokine.like.family.member.5.[Source:MGI.Symbol;Acc:MGI:2146182]","protein_coding","1419489_at","Tafa5"
"6","ENSMUSG00000054863","ENSMUSG00000054863.10","ENSMUST00000068088","ENSMUST00000068088.8","TAFA.chemokine.like.family.member.5.[Source:MGI.Symbol;Acc:MGI:2146182]","protein_coding","1419490_at","Tafa5"
"7","ENSMUSG00000044071","ENSMUSG00000044071.10","ENSMUST00000218926","ENSMUST00000218926.2","TAFA.chemokine.like.family.member.2.[Source:MGI.Symbol;Acc:MGI:2143691]","protein_coding","1438007_at","Tafa2"
"8","ENSMUSG00000044071","ENSMUSG00000044071.10","ENSMUST00000238972","ENSMUST00000238972.2","TAFA.chemokine.like.family.member.2.[Source:MGI.Symbol;Acc:MGI:2143691]","protein_coding","1438007_at","Tafa2"
"9","ENSMUSG00000044071","ENSMUSG00000044071.10","ENSMUST00000219723","ENSMUST00000219723.2","TAFA.chemokine.like.family.member.2.[Source:MGI.Symbol;Acc:MGI:2143691]","protein_coding","1438007_at","Tafa2"
"10","ENSMUSG00000044071","ENSMUSG00000044071.10","ENSMUST00000050756","ENSMUST00000050756.8","TAFA.chemokine.like.family.member.2.[Source:MGI.Symbol;Acc:MGI:2143691]","protein_coding","1438007_at","Tafa2"
"11","ENSMUSG00000026166","ENSMUSG00000026166.15","ENSMUST00000027351","ENSMUST00000027351.13","chemokine.(C-C.motif).ligand.20.[Source:MGI.Symbol;Acc:MGI:1329031]","protein_coding","1422029_at","Ccl20"
"12","ENSMUSG00000026166","ENSMUSG00000026166.15","ENSMUST00000113437","ENSMUST00000113437.9","chemokine.(C-C.motif).ligand.20.[Source:MGI.Symbol;Acc:MGI:1329031]","protein_coding","1422029_at","Ccl20"
"13","ENSMUSG00000026166","ENSMUSG00000026166.15","ENSMUST00000186832","ENSMUST00000186832.2","chemokine.(C-C.motif).ligand.20.[Source:MGI.Symbol;Acc:MGI:1329031]","protein_coding","1422029_at","Ccl20"
"14","ENSMUSG00000037944","ENSMUSG00000037944.9","ENSMUST00000103134","ENSMUST00000103134.4","chemokine.(C-C.motif).receptor.7.[Source:MGI.Symbol;Acc:MGI:103011]","protein_coding","1423466_at","Ccr7"
"15","ENSMUSG00000059187","ENSMUSG00000059187.13","ENSMUST00000122120","ENSMUST00000122120.8","TAFA.chemokine.like.family.member.1.[Source:MGI.Symbol;Acc:MGI:2443695]","protein_coding","1457092_at","Tafa1"
"16","ENSMUSG00000059187","ENSMUSG00000059187.13","ENSMUST00000075080","ENSMUST00000075080.6","TAFA.chemokine.like.family.member.1.[Source:MGI.Symbol;Acc:MGI:2443695]","protein_coding","1457092_at","Tafa1"
"17","ENSMUSG00000059187","ENSMUSG00000059187.13","ENSMUST00000129844","ENSMUST00000129844.2","TAFA.chemokine.like.family.member.1.[Source:MGI.Symbol;Acc:MGI:2443695]","protein_coding","Tafa1",NA
"18","ENSMUSG00000059187","ENSMUSG00000059187.13","ENSMUST00000125951","ENSMUST00000125951.2","TAFA.chemokine.like.family.member.1.[Source:MGI.Symbol;Acc:MGI:2443695]","protein_coding","Tafa1",NA
"19","ENSMUSG00000046500","ENSMUSG00000046500.9","ENSMUST00000089295","ENSMUST00000089295.6","TAFA.chemokine.like.family.member.4.[Source:MGI.Symbol;Acc:MGI:2444563]","protein_coding","1435610_at","Tafa4"
"20","ENSMUSG00000046500","ENSMUSG00000046500.9","ENSMUST00000203930","ENSMUST00000203930.2","TAFA.chemokine.like.family.member.4.[Source:MGI.Symbol;Acc:MGI:2444563]","protein_coding","Tafa4",NA
"21","ENSMUSG00000045382","ENSMUSG00000045382.7","ENSMUST00000052172","ENSMUST00000052172.7","chemokine.(C-X-C.motif).receptor.4.[Source:MGI.Symbol;Acc:MGI:109563]","protein_coding","1448710_at","Cxcr4"
"22","ENSMUSG00000045382","ENSMUSG00000045382.7","ENSMUST00000142893","ENSMUST00000142893.2","chemokine.(C-X-C.motif).receptor.4.[Source:MGI.Symbol;Acc:MGI:109563]","protein_coding","1448710_at","Cxcr4"
"23","ENSMUSG00000040899","ENSMUSG00000040899.15","ENSMUST00000231340","ENSMUST00000231340.2","chemokine.(C-C.motif).receptor.6.[Source:MGI.Symbol;Acc:MGI:1333797]","protein_coding","1450357_a_at","Ccr6"
"24","ENSMUSG00000040899","ENSMUSG00000040899.15","ENSMUST00000164411","ENSMUST00000164411.10","chemokine.(C-C.motif).receptor.6.[Source:MGI.Symbol;Acc:MGI:1333797]","protein_coding","1450357_a_at","Ccr6"
"25","ENSMUSG00000040899","ENSMUSG00000040899.15","ENSMUST00000097418","ENSMUST00000097418.8","chemokine.(C-C.motif).receptor.6.[Source:MGI.Symbol;Acc:MGI:1333797]","protein_coding","1450357_a_at","Ccr6"
"26","ENSMUSG00000040899","ENSMUSG00000040899.15","ENSMUST00000166348","ENSMUST00000166348.10","chemokine.(C-C.motif).receptor.6.[Source:MGI.Symbol;Acc:MGI:1333797]","protein_coding","1450357_a_at","Ccr6"
"27","ENSMUSG00000040899","ENSMUSG00000040899.15","ENSMUST00000180103","ENSMUST00000180103.3","chemokine.(C-C.motif).receptor.6.[Source:MGI.Symbol;Acc:MGI:1333797]","protein_coding","1450357_a_at","Ccr6"
"28","ENSMUSG00000040899","ENSMUSG00000040899.15","ENSMUST00000177568","ENSMUST00000177568.9","chemokine.(C-C.motif).receptor.6.[Source:MGI.Symbol;Acc:MGI:1333797]","protein_coding","1450357_a_at","Ccr6"
"29","ENSMUSG00000040899","ENSMUSG00000040899.15","ENSMUST00000167956","ENSMUST00000167956.10","chemokine.(C-C.motif).receptor.6.[Source:MGI.Symbol;Acc:MGI:1333797]","protein_coding","1450357_a_at","Ccr6"
"30","ENSMUSG00000040899","ENSMUSG00000040899.15","ENSMUST00000232412","ENSMUST00000232412.2","chemokine.(C-C.motif).receptor.6.[Source:MGI.Symbol;Acc:MGI:1333797]","protein_coding","Ccr6",NA
"31","ENSMUSG00000040899","ENSMUSG00000040899.15","ENSMUST00000231545","ENSMUST00000231545.2","chemokine.(C-C.motif).receptor.6.[Source:MGI.Symbol;Acc:MGI:1333797]","protein_coding","1450357_a_at","Ccr6"
"32","ENSMUSG00000044052","ENSMUSG00000044052.4","ENSMUST00000062759","ENSMUST00000062759.4","chemokine.(C-C.motif).receptor.10.[Source:MGI.Symbol;Acc:MGI:1096320]","protein_coding","1421420_at","Ccr10"
"33","ENSMUSG00000074715","ENSMUSG00000074715.4","ENSMUST00000099241","ENSMUST00000099241.4","chemokine.(C-C.motif).ligand.28.[Source:MGI.Symbol;Acc:MGI:1861731]","protein_coding","1455577_at","Ccl28"
"34","ENSMUSG00000074715","ENSMUSG00000074715.4","ENSMUST00000099241","ENSMUST00000099241.4","chemokine.(C-C.motif).ligand.28.[Source:MGI.Symbol;Acc:MGI:1861731]","protein_coding","1450217_at","Ccl28"
"35","ENSMUSG00000074715","ENSMUSG00000074715.4","ENSMUST00000099241","ENSMUST00000099241.4","chemokine.(C-C.motif).ligand.28.[Source:MGI.Symbol;Acc:MGI:1861731]","protein_coding","1450218_at","Ccl28"
"36","ENSMUSG00000074715","ENSMUSG00000074715.4","ENSMUST00000225880","ENSMUST00000225880.2","chemokine.(C-C.motif).ligand.28.[Source:MGI.Symbol;Acc:MGI:1861731]","protein_coding","1450218_at","Ccl28"
"37","ENSMUSG00000031779","ENSMUSG00000031779.4","ENSMUST00000034231","ENSMUST00000034231.4","chemokine.(C-C.motif).ligand.22.[Source:MGI.Symbol;Acc:MGI:1306779]","protein_coding","1417925_at","Ccl22"
"38","ENSMUSG00000031779","ENSMUSG00000031779.4","ENSMUST00000156137","ENSMUST00000156137.2","chemokine.(C-C.motif).ligand.22.[Source:MGI.Symbol;Acc:MGI:1306779]","protein_coding","Ccl22",NA
"39","ENSMUSG00000031778","ENSMUSG00000031778.14","ENSMUST00000034230","ENSMUST00000034230.7","chemokine.(C-X3-C.motif).ligand.1.[Source:MGI.Symbol;Acc:MGI:1097153]","protein_coding","1415804_at","Cx3cl1"
"40","ENSMUSG00000031778","ENSMUSG00000031778.14","ENSMUST00000034230","ENSMUST00000034230.7","chemokine.(C-X3-C.motif).ligand.1.[Source:MGI.Symbol;Acc:MGI:1097153]","protein_coding","1415803_at","Cx3cl1"
"41","ENSMUSG00000031778","ENSMUSG00000031778.14","ENSMUST00000211956","ENSMUST00000211956.2","chemokine.(C-X3-C.motif).ligand.1.[Source:MGI.Symbol;Acc:MGI:1097153]","protein_coding","Cx3cl1",NA
"42","ENSMUSG00000031778","ENSMUSG00000031778.14","ENSMUST00000151783","ENSMUST00000151783.9","chemokine.(C-X3-C.motif).ligand.1.[Source:MGI.Symbol;Acc:MGI:1097153]","protein_coding","Cx3cl1",NA
"43","ENSMUSG00000031778","ENSMUSG00000031778.14","ENSMUST00000135970","ENSMUST00000135970.2","chemokine.(C-X3-C.motif).ligand.1.[Source:MGI.Symbol;Acc:MGI:1097153]","protein_coding","Cx3cl1",NA
"44","ENSMUSG00000031778","ENSMUSG00000031778.14","ENSMUST00000211947","ENSMUST00000211947.2","chemokine.(C-X3-C.motif).ligand.1.[Source:MGI.Symbol;Acc:MGI:1097153]","protein_coding","Cx3cl1",NA
"45","ENSMUSG00000031778","ENSMUSG00000031778.14","ENSMUST00000150307","ENSMUST00000150307.2","chemokine.(C-X3-C.motif).ligand.1.[Source:MGI.Symbol;Acc:MGI:1097153]","protein_coding","Cx3cl1",NA
"46","ENSMUSG00000031780","ENSMUSG00000031780.3","ENSMUST00000034232","ENSMUST00000034232.3","chemokine.(C-C.motif).ligand.17.[Source:MGI.Symbol;Acc:MGI:1329039]","protein_coding","1419413_at","Ccl17"
"47","ENSMUSG00000023235","ENSMUSG00000023235.15","ENSMUST00000155797","ENSMUST00000155797.8","chemokine.(C-C.motif).ligand.25.[Source:MGI.Symbol;Acc:MGI:1099448]","protein_coding","1418777_at","Ccl25"
"48","ENSMUSG00000023235","ENSMUSG00000023235.15","ENSMUST00000069762","ENSMUST00000069762.16","chemokine.(C-C.motif).ligand.25.[Source:MGI.Symbol;Acc:MGI:1099448]","protein_coding","1458277_at","Ccl25"
"49","ENSMUSG00000023235","ENSMUSG00000023235.15","ENSMUST00000098949","ENSMUST00000098949.11","chemokine.(C-C.motif).ligand.25.[Source:MGI.Symbol;Acc:MGI:1099448]","protein_coding","1458277_at","Ccl25"
"50","ENSMUSG00000023235","ENSMUSG00000023235.15","ENSMUST00000207839","ENSMUST00000207839.2","chemokine.(C-C.motif).ligand.25.[Source:MGI.Symbol;Acc:MGI:1099448]","protein_coding","Ccl25",NA
"51","ENSMUSG00000023235","ENSMUSG00000023235.15","ENSMUST00000127460","ENSMUST00000127460.8","chemokine.(C-C.motif).ligand.25.[Source:MGI.Symbol;Acc:MGI:1099448]","protein_coding","1418777_at","Ccl25"
"52","ENSMUSG00000023235","ENSMUSG00000023235.15","ENSMUST00000136191","ENSMUST00000136191.8","chemokine.(C-C.motif).ligand.25.[Source:MGI.Symbol;Acc:MGI:1099448]","protein_coding","Ccl25",NA
"53","ENSMUSG00000023235","ENSMUSG00000023235.15","ENSMUST00000153254","ENSMUST00000153254.3","chemokine.(C-C.motif).ligand.25.[Source:MGI.Symbol;Acc:MGI:1099448]","protein_coding","Ccl25",NA
"54","ENSMUSG00000023235","ENSMUSG00000023235.15","ENSMUST00000207925","ENSMUST00000207925.2","chemokine.(C-C.motif).ligand.25.[Source:MGI.Symbol;Acc:MGI:1099448]","protein_coding","Ccl25",NA
"55","ENSMUSG00000023235","ENSMUSG00000023235.15","ENSMUST00000110982","ENSMUST00000110982.8","chemokine.(C-C.motif).ligand.25.[Source:MGI.Symbol;Acc:MGI:1099448]","protein_coding","Ccl25",NA
"56","ENSMUSG00000023235","ENSMUSG00000023235.15","ENSMUST00000024004","ENSMUST00000024004.9","chemokine.(C-C.motif).ligand.25.[Source:MGI.Symbol;Acc:MGI:1099448]","protein_coding","1418777_at","Ccl25"
"57","ENSMUSG00000047880","ENSMUSG00000047880.16","ENSMUST00000215293","ENSMUST00000215293.2","chemokine.(C-X-C.motif).receptor.5.[Source:MGI.Symbol;Acc:MGI:103567]","protein_coding","1422003_at","Cxcr5"
"58","ENSMUSG00000047880","ENSMUSG00000047880.16","ENSMUST00000215661","ENSMUST00000215661.2","chemokine.(C-X-C.motif).receptor.5.[Source:MGI.Symbol;Acc:MGI:103567]","protein_coding","Cxcr5",NA
"59","ENSMUSG00000047880","ENSMUSG00000047880.16","ENSMUST00000213357","ENSMUST00000213357.2","chemokine.(C-X-C.motif).receptor.5.[Source:MGI.Symbol;Acc:MGI:103567]","protein_coding","Cxcr5",NA
"60","ENSMUSG00000047880","ENSMUSG00000047880.16","ENSMUST00000062215","ENSMUST00000062215.8","chemokine.(C-X-C.motif).receptor.5.[Source:MGI.Symbol;Acc:MGI:103567]","protein_coding","1422003_at","Cxcr5"
"61","ENSMUSG00000047880","ENSMUSG00000047880.16","ENSMUST00000179828","ENSMUST00000179828.8","chemokine.(C-X-C.motif).receptor.5.[Source:MGI.Symbol;Acc:MGI:103567]","protein_coding","1422003_at","Cxcr5"
"62","ENSMUSG00000021508","ENSMUSG00000021508.12","ENSMUST00000224801","ENSMUST00000224801.2","chemokine.(C-X-C.motif).ligand.14.[Source:MGI.Symbol;Acc:MGI:1888514]","protein_coding","1418457_at","Cxcl14"
"63","ENSMUSG00000021508","ENSMUSG00000021508.12","ENSMUST00000224801","ENSMUST00000224801.2","chemokine.(C-X-C.motif).ligand.14.[Source:MGI.Symbol;Acc:MGI:1888514]","protein_coding","1418456_a_at","Cxcl14"
"64","ENSMUSG00000021508","ENSMUSG00000021508.12","ENSMUST00000021970","ENSMUST00000021970.11","chemokine.(C-X-C.motif).ligand.14.[Source:MGI.Symbol;Acc:MGI:1888514]","protein_coding","1418457_at","Cxcl14"
"65","ENSMUSG00000021508","ENSMUSG00000021508.12","ENSMUST00000021970","ENSMUST00000021970.11","chemokine.(C-X-C.motif).ligand.14.[Source:MGI.Symbol;Acc:MGI:1888514]","protein_coding","1418456_a_at","Cxcl14"
"66","ENSMUSG00000055865","ENSMUSG00000055865.9","ENSMUST00000139783","ENSMUST00000139783.2","TAFA.chemokine.like.family.member.3.[Source:MGI.Symbol;Acc:MGI:3046463]","protein_coding","1442160_at","Tafa3"
"67","ENSMUSG00000055865","ENSMUSG00000055865.9","ENSMUST00000162644","ENSMUST00000162644.2","TAFA.chemokine.like.family.member.3.[Source:MGI.Symbol;Acc:MGI:3046463]","protein_coding","Tafa3",NA
"68","ENSMUSG00000054400","ENSMUSG00000054400.17","ENSMUST00000034342","ENSMUST00000034342.13","chemokine-like.factor.[Source:MGI.Symbol;Acc:MGI:1922708]","protein_coding","1425860_x_at","Cklf"
"69","ENSMUSG00000054400","ENSMUSG00000054400.17","ENSMUST00000034342","ENSMUST00000034342.13","chemokine-like.factor.[Source:MGI.Symbol;Acc:MGI:1922708]","protein_coding","1436242_a_at","Cklf"
"70","ENSMUSG00000054400","ENSMUSG00000054400.17","ENSMUST00000034342","ENSMUST00000034342.13","chemokine-like.factor.[Source:MGI.Symbol;Acc:MGI:1922708]","protein_coding","1424495_a_at","Cklf"
"71","ENSMUSG00000054400","ENSMUSG00000054400.17","ENSMUST00000034342","ENSMUST00000034342.13","chemokine-like.factor.[Source:MGI.Symbol;Acc:MGI:1922708]","protein_coding","1451374_x_at","Cklf"
"72","ENSMUSG00000054400","ENSMUSG00000054400.17","ENSMUST00000212433","ENSMUST00000212433.2","chemokine-like.factor.[Source:MGI.Symbol;Acc:MGI:1922708]","protein_coding","1424495_a_at","Cklf"
"73","ENSMUSG00000054400","ENSMUSG00000054400.17","ENSMUST00000212433","ENSMUST00000212433.2","chemokine-like.factor.[Source:MGI.Symbol;Acc:MGI:1922708]","protein_coding","1425769_x_at","Cklf"
"74","ENSMUSG00000054400","ENSMUSG00000054400.17","ENSMUST00000212433","ENSMUST00000212433.2","chemokine-like.factor.[Source:MGI.Symbol;Acc:MGI:1922708]","protein_coding","1451832_at","Cklf"
"75","ENSMUSG00000054400","ENSMUSG00000054400.17","ENSMUST00000212410","ENSMUST00000212410.2","chemokine-like.factor.[Source:MGI.Symbol;Acc:MGI:1922708]","protein_coding","1425860_x_at","Cklf"
"76","ENSMUSG00000054400","ENSMUSG00000054400.17","ENSMUST00000212410","ENSMUST00000212410.2","chemokine-like.factor.[Source:MGI.Symbol;Acc:MGI:1922708]","protein_coding","1436242_a_at","Cklf"
"77","ENSMUSG00000054400","ENSMUSG00000054400.17","ENSMUST00000212410","ENSMUST00000212410.2","chemokine-like.factor.[Source:MGI.Symbol;Acc:MGI:1922708]","protein_coding","1424495_a_at","Cklf"
"78","ENSMUSG00000054400","ENSMUSG00000054400.17","ENSMUST00000212410","ENSMUST00000212410.2","chemokine-like.factor.[Source:MGI.Symbol;Acc:MGI:1922708]","protein_coding","1451374_x_at","Cklf"
"79","ENSMUSG00000054400","ENSMUSG00000054400.17","ENSMUST00000211809","ENSMUST00000211809.2","chemokine-like.factor.[Source:MGI.Symbol;Acc:MGI:1922708]","protein_coding","1425860_x_at","Cklf"
"80","ENSMUSG00000054400","ENSMUSG00000054400.17","ENSMUST00000211809","ENSMUST00000211809.2","chemokine-like.factor.[Source:MGI.Symbol;Acc:MGI:1922708]","protein_coding","1436242_a_at","Cklf"
"81","ENSMUSG00000054400","ENSMUSG00000054400.17","ENSMUST00000211809","ENSMUST00000211809.2","chemokine-like.factor.[Source:MGI.Symbol;Acc:MGI:1922708]","protein_coding","1424495_a_at","Cklf"
"82","ENSMUSG00000054400","ENSMUSG00000054400.17","ENSMUST00000211809","ENSMUST00000211809.2","chemokine-like.factor.[Source:MGI.Symbol;Acc:MGI:1922708]","protein_coding","1451374_x_at","Cklf"
"83","ENSMUSG00000054400","ENSMUSG00000054400.17","ENSMUST00000098464","ENSMUST00000098464.6","chemokine-like.factor.[Source:MGI.Symbol;Acc:MGI:1922708]","protein_coding","1424495_a_at","Cklf"
"84","ENSMUSG00000054400","ENSMUSG00000054400.17","ENSMUST00000212939","ENSMUST00000212939.2","chemokine-like.factor.[Source:MGI.Symbol;Acc:MGI:1922708]","protein_coding","1424495_a_at","Cklf"
"85","ENSMUSG00000054400","ENSMUSG00000054400.17","ENSMUST00000212422","ENSMUST00000212422.2","chemokine-like.factor.[Source:MGI.Symbol;Acc:MGI:1922708]","protein_coding","Cklf",NA
"86","ENSMUSG00000054400","ENSMUSG00000054400.17","ENSMUST00000212688","ENSMUST00000212688.2","chemokine-like.factor.[Source:MGI.Symbol;Acc:MGI:1922708]","protein_coding","1425770_at","Cklf"
"87","ENSMUSG00000054400","ENSMUSG00000054400.17","ENSMUST00000212688","ENSMUST00000212688.2","chemokine-like.factor.[Source:MGI.Symbol;Acc:MGI:1922708]","protein_coding","1458559_at","Cklf"
"88","ENSMUSG00000054400","ENSMUSG00000054400.17","ENSMUST00000211829","ENSMUST00000211829.2","chemokine-like.factor.[Source:MGI.Symbol;Acc:MGI:1922708]","protein_coding","1436242_a_at","Cklf"
"89","ENSMUSG00000054400","ENSMUSG00000054400.17","ENSMUST00000212259","ENSMUST00000212259.2","chemokine-like.factor.[Source:MGI.Symbol;Acc:MGI:1922708]","protein_coding","1436242_a_at","Cklf"
"90","ENSMUSG00000050232","ENSMUSG00000050232.7","ENSMUST00000056614","ENSMUST00000056614.7","chemokine.(C-X-C.motif).receptor.3.[Source:MGI.Symbol;Acc:MGI:1277207]","protein_coding","1449925_at","Cxcr3"
"91","ENSMUSG00000042190","ENSMUSG00000042190.13","ENSMUST00000047936","ENSMUST00000047936.13","chemokine-like.receptor.1.[Source:MGI.Symbol;Acc:MGI:109603]","protein_coding","1456887_at","Cmklr1"
"92","ENSMUSG00000042190","ENSMUSG00000042190.13","ENSMUST00000047936","ENSMUST00000047936.13","chemokine-like.receptor.1.[Source:MGI.Symbol;Acc:MGI:109603]","protein_coding","1426072_at","Cmklr1"
"93","ENSMUSG00000042190","ENSMUSG00000042190.13","ENSMUST00000132065","ENSMUST00000132065.8","chemokine-like.receptor.1.[Source:MGI.Symbol;Acc:MGI:109603]","protein_coding","1426072_at","Cmklr1"
"94","ENSMUSG00000042190","ENSMUSG00000042190.13","ENSMUST00000142854","ENSMUST00000142854.2","chemokine-like.receptor.1.[Source:MGI.Symbol;Acc:MGI:109603]","protein_coding","Cmklr1",NA
"95","ENSMUSG00000042190","ENSMUSG00000042190.13","ENSMUST00000151460","ENSMUST00000151460.2","chemokine-like.receptor.1.[Source:MGI.Symbol;Acc:MGI:109603]","protein_coding","Cmklr1",NA
"96","ENSMUSG00000044337","ENSMUSG00000044337.6","ENSMUST00000065587","ENSMUST00000065587.5","atypical.chemokine.receptor.3.[Source:MGI.Symbol;Acc:MGI:109562]","protein_coding","1417625_s_at","Ackr3"
"97","ENSMUSG00000044337","ENSMUSG00000044337.6","ENSMUST00000159654","ENSMUST00000159654.2","atypical.chemokine.receptor.3.[Source:MGI.Symbol;Acc:MGI:109562]","protein_coding","Ackr3",NA
"98","ENSMUSG00000079355","ENSMUSG00000079355.6","ENSMUST00000050139","ENSMUST00000050139.5","atypical.chemokine.receptor.4.[Source:MGI.Symbol;Acc:MGI:2181676]","protein_coding","Ackr4",NA
"99","ENSMUSG00000079355","ENSMUSG00000079355.6","ENSMUST00000076147","ENSMUST00000076147.6","atypical.chemokine.receptor.4.[Source:MGI.Symbol;Acc:MGI:2181676]","protein_coding","1426139_a_at","Ackr4"
"100","ENSMUSG00000079355","ENSMUSG00000079355.6","ENSMUST00000219146","ENSMUST00000219146.2","atypical.chemokine.receptor.4.[Source:MGI.Symbol;Acc:MGI:2181676]","protein_coding","1426139_a_at","Ackr4"
"101","ENSMUSG00000079355","ENSMUSG00000079355.6","ENSMUST00000188000","ENSMUST00000188000.2","atypical.chemokine.receptor.4.[Source:MGI.Symbol;Acc:MGI:2181676]","protein_coding","1426139_a_at","Ackr4"
"102","ENSMUSG00000026573","ENSMUSG00000026573.8","ENSMUST00000027860","ENSMUST00000027860.8","chemokine.(C.motif).ligand.1.[Source:MGI.Symbol;Acc:MGI:104593]","protein_coding","1419412_at","Xcl1"
"103","ENSMUSG00000035385","ENSMUSG00000035385.6","ENSMUST00000000193","ENSMUST00000000193.6","chemokine.(C-C.motif).ligand.2.[Source:MGI.Symbol;Acc:MGI:98259]","protein_coding","1420380_at","Ccl2"
"104","ENSMUSG00000035385","ENSMUSG00000035385.6","ENSMUST00000124479","ENSMUST00000124479.2","chemokine.(C-C.motif).ligand.2.[Source:MGI.Symbol;Acc:MGI:98259]","protein_coding","1420380_at","Ccl2"
"105","ENSMUSG00000035373","ENSMUSG00000035373.3","ENSMUST00000021011","ENSMUST00000021011.3","chemokine.(C-C.motif).ligand.7.[Source:MGI.Symbol;Acc:MGI:99512]","protein_coding","1421228_at","Ccl7"
"106","ENSMUSG00000020676","ENSMUSG00000020676.3","ENSMUST00000000342","ENSMUST00000000342.3","chemokine.(C-C.motif).ligand.11.[Source:MGI.Symbol;Acc:MGI:103576]","protein_coding","1417789_at","Ccl11"
"107","ENSMUSG00000035352","ENSMUSG00000035352.4","ENSMUST00000000194","ENSMUST00000000194.4","chemokine.(C-C.motif).ligand.12.[Source:MGI.Symbol;Acc:MGI:108224]","protein_coding","1419282_at","Ccl12"
"108","ENSMUSG00000035352","ENSMUSG00000035352.4","ENSMUST00000124916","ENSMUST00000124916.2","chemokine.(C-C.motif).ligand.12.[Source:MGI.Symbol;Acc:MGI:108224]","protein_coding","1419282_at","Ccl12"
"109","ENSMUSG00000009185","ENSMUSG00000009185.3","ENSMUST00000009329","ENSMUST00000009329.3","chemokine.(C-C.motif).ligand.8.[Source:MGI.Symbol;Acc:MGI:101878]","protein_coding","1419684_at","Ccl8"
"110","ENSMUSG00000020702","ENSMUSG00000020702.14","ENSMUST00000108189","ENSMUST00000108189.9","chemokine.(C-C.motif).ligand.1.[Source:MGI.Symbol;Acc:MGI:98258]","protein_coding","1421688_a_at","Ccl1"
"111","ENSMUSG00000020702","ENSMUSG00000020702.14","ENSMUST00000021043","ENSMUST00000021043.5","chemokine.(C-C.motif).ligand.1.[Source:MGI.Symbol;Acc:MGI:98258]","protein_coding","1421688_a_at","Ccl1"
"112","ENSMUSG00000020702","ENSMUSG00000020702.14","ENSMUST00000138333","ENSMUST00000138333.2","chemokine.(C-C.motif).ligand.1.[Source:MGI.Symbol;Acc:MGI:98258]","protein_coding","1421688_a_at","Ccl1"
"113","ENSMUSG00000061353","ENSMUSG00000061353.12","ENSMUST00000112866","ENSMUST00000112866.8","chemokine.(C-X-C.motif).ligand.12.[Source:MGI.Symbol;Acc:MGI:103556]","protein_coding","1448823_at","Cxcl12"
"114","ENSMUSG00000061353","ENSMUSG00000061353.12","ENSMUST00000112871","ENSMUST00000112871.8","chemokine.(C-X-C.motif).ligand.12.[Source:MGI.Symbol;Acc:MGI:103556]","protein_coding","1417574_at","Cxcl12"
"115","ENSMUSG00000061353","ENSMUSG00000061353.12","ENSMUST00000134244","ENSMUST00000134244.2","chemokine.(C-X-C.motif).ligand.12.[Source:MGI.Symbol;Acc:MGI:103556]","protein_coding","1448823_at","Cxcl12"
"116","ENSMUSG00000061353","ENSMUSG00000061353.12","ENSMUST00000073043","ENSMUST00000073043.5","chemokine.(C-X-C.motif).ligand.12.[Source:MGI.Symbol;Acc:MGI:103556]","protein_coding","1439084_at","Cxcl12"
"117","ENSMUSG00000061353","ENSMUSG00000061353.12","ENSMUST00000073043","ENSMUST00000073043.5","chemokine.(C-X-C.motif).ligand.12.[Source:MGI.Symbol;Acc:MGI:103556]","protein_coding","1417574_at","Cxcl12"
"118","ENSMUSG00000043953","ENSMUSG00000043953.13","ENSMUST00000111888","ENSMUST00000111888.3","chemokine.(C-C.motif).receptor-like.2.[Source:MGI.Symbol;Acc:MGI:1920904]","protein_coding","1427736_a_at","Ccrl2"
"119","ENSMUSG00000043953","ENSMUSG00000043953.13","ENSMUST00000199839","ENSMUST00000199839.5","chemokine.(C-C.motif).receptor-like.2.[Source:MGI.Symbol;Acc:MGI:1920904]","protein_coding","1427736_a_at","Ccrl2"
"120","ENSMUSG00000043953","ENSMUSG00000043953.13","ENSMUST00000195968","ENSMUST00000195968.2","chemokine.(C-C.motif).receptor-like.2.[Source:MGI.Symbol;Acc:MGI:1920904]","protein_coding","1427736_a_at","Ccrl2"
"121","ENSMUSG00000029371","ENSMUSG00000029371.8","ENSMUST00000202380","ENSMUST00000202380.2","chemokine.(C-X-C.motif).ligand.5.[Source:MGI.Symbol;Acc:MGI:1096868]","protein_coding","1419728_at","Cxcl5"
"122","ENSMUSG00000029371","ENSMUSG00000029371.8","ENSMUST00000031318","ENSMUST00000031318.6","chemokine.(C-X-C.motif).ligand.5.[Source:MGI.Symbol;Acc:MGI:1096868]","protein_coding","1419728_at","Cxcl5"
"123","ENSMUSG00000029379","ENSMUSG00000029379.11","ENSMUST00000031326","ENSMUST00000031326.10","chemokine.(C-X-C.motif).ligand.3.[Source:MGI.Symbol;Acc:MGI:3037818]","protein_coding","1438148_at","Cxcl3"
"124","ENSMUSG00000029379","ENSMUSG00000029379.11","ENSMUST00000201840","ENSMUST00000201840.2","chemokine.(C-X-C.motif).ligand.3.[Source:MGI.Symbol;Acc:MGI:3037818]","protein_coding","1438148_at","Cxcl3"
"125","ENSMUSG00000029375","ENSMUSG00000029375.7","ENSMUST00000031322","ENSMUST00000031322.7","chemokine.(C-X-C.motif).ligand.15.[Source:MGI.Symbol;Acc:MGI:1339941]","protein_coding","1456428_at","Cxcl15"
"126","ENSMUSG00000029375","ENSMUSG00000029375.7","ENSMUST00000031322","ENSMUST00000031322.7","chemokine.(C-X-C.motif).ligand.15.[Source:MGI.Symbol;Acc:MGI:1339941]","protein_coding","1421404_at","Cxcl15"
"127","ENSMUSG00000029380","ENSMUSG00000029380.12","ENSMUST00000031327","ENSMUST00000031327.9","chemokine.(C-X-C.motif).ligand.1.[Source:MGI.Symbol;Acc:MGI:108068]","protein_coding","1419209_at","Cxcl1"
"128","ENSMUSG00000029380","ENSMUSG00000029380.12","ENSMUST00000031327","ENSMUST00000031327.9","chemokine.(C-X-C.motif).ligand.1.[Source:MGI.Symbol;Acc:MGI:108068]","protein_coding","1457644_s_at","Cxcl1"
"129","ENSMUSG00000029380","ENSMUSG00000029380.12","ENSMUST00000201245","ENSMUST00000201245.2","chemokine.(C-X-C.motif).ligand.1.[Source:MGI.Symbol;Acc:MGI:108068]","protein_coding","1419209_at","Cxcl1"
"130","ENSMUSG00000029380","ENSMUSG00000029380.12","ENSMUST00000201245","ENSMUST00000201245.2","chemokine.(C-X-C.motif).ligand.1.[Source:MGI.Symbol;Acc:MGI:108068]","protein_coding","1457644_s_at","Cxcl1"
"131","ENSMUSG00000058427","ENSMUSG00000058427.11","ENSMUST00000200681","ENSMUST00000200681.4","chemokine.(C-X-C.motif).ligand.2.[Source:MGI.Symbol;Acc:MGI:1340094]","protein_coding","1449984_at","Cxcl2"
"132","ENSMUSG00000058427","ENSMUSG00000058427.11","ENSMUST00000202317","ENSMUST00000202317.2","chemokine.(C-X-C.motif).ligand.2.[Source:MGI.Symbol;Acc:MGI:1340094]","protein_coding","Cxcl2",NA
"133","ENSMUSG00000058427","ENSMUSG00000058427.11","ENSMUST00000200919","ENSMUST00000200919.2","chemokine.(C-X-C.motif).ligand.2.[Source:MGI.Symbol;Acc:MGI:1340094]","protein_coding","1449984_at","Cxcl2"
"134","ENSMUSG00000058427","ENSMUSG00000058427.11","ENSMUST00000075433","ENSMUST00000075433.8","chemokine.(C-X-C.motif).ligand.2.[Source:MGI.Symbol;Acc:MGI:1340094]","protein_coding","1449984_at","Cxcl2"
"135","ENSMUSG00000047898","ENSMUSG00000047898.8","ENSMUST00000054414","ENSMUST00000054414.5","chemokine.(C-C.motif).receptor.4.[Source:MGI.Symbol;Acc:MGI:107824]","protein_coding","1421655_a_at","Ccr4"
"136","ENSMUSG00000047898","ENSMUSG00000047898.8","ENSMUST00000215425","ENSMUST00000215425.2","chemokine.(C-C.motif).receptor.4.[Source:MGI.Symbol;Acc:MGI:107824]","protein_coding","1421655_a_at","Ccr4"
"137","ENSMUSG00000047898","ENSMUSG00000047898.8","ENSMUST00000215959","ENSMUST00000215959.2","chemokine.(C-C.motif).receptor.4.[Source:MGI.Symbol;Acc:MGI:107824]","protein_coding","1421655_a_at","Ccr4"
"138","ENSMUSG00000029417","ENSMUSG00000029417.10","ENSMUST00000113093","ENSMUST00000113093.5","chemokine.(C-X-C.motif).ligand.9.[Source:MGI.Symbol;Acc:MGI:1352449]","protein_coding","1456907_at","Cxcl9"
"139","ENSMUSG00000029417","ENSMUSG00000029417.10","ENSMUST00000113093","ENSMUST00000113093.5","chemokine.(C-X-C.motif).ligand.9.[Source:MGI.Symbol;Acc:MGI:1352449]","protein_coding","1418652_at","Cxcl9"
"140","ENSMUSG00000029417","ENSMUSG00000029417.10","ENSMUST00000202404","ENSMUST00000202404.2","chemokine.(C-X-C.motif).ligand.9.[Source:MGI.Symbol;Acc:MGI:1352449]","protein_coding","Cxcl9",NA
"141","ENSMUSG00000034855","ENSMUSG00000034855.14","ENSMUST00000201176","ENSMUST00000201176.2","chemokine.(C-X-C.motif).ligand.10.[Source:MGI.Symbol;Acc:MGI:1352450]","protein_coding","1418930_at","Cxcl10"
"142","ENSMUSG00000034855","ENSMUSG00000034855.14","ENSMUST00000038816","ENSMUST00000038816.13","chemokine.(C-X-C.motif).ligand.10.[Source:MGI.Symbol;Acc:MGI:1352450]","protein_coding","1418930_at","Cxcl10"
"143","ENSMUSG00000034855","ENSMUSG00000034855.14","ENSMUST00000118006","ENSMUST00000118006.3","chemokine.(C-X-C.motif).ligand.10.[Source:MGI.Symbol;Acc:MGI:1352450]","protein_coding","1418930_at","Cxcl10"
"144","ENSMUSG00000034855","ENSMUSG00000034855.14","ENSMUST00000138169","ENSMUST00000138169.2","chemokine.(C-X-C.motif).ligand.10.[Source:MGI.Symbol;Acc:MGI:1352450]","protein_coding","1418930_at","Cxcl10"
"145","ENSMUSG00000060183","ENSMUSG00000060183.7","ENSMUST00000122808","ENSMUST00000122808.2","chemokine.(C-X-C.motif).ligand.11.[Source:MGI.Symbol;Acc:MGI:1860203]","polymorphic_pseudogene","1419698_at","Cxcl11"
"146","ENSMUSG00000060183","ENSMUSG00000060183.7","ENSMUST00000122808","ENSMUST00000122808.2","chemokine.(C-X-C.motif).ligand.11.[Source:MGI.Symbol;Acc:MGI:1860203]","polymorphic_pseudogene","1419697_at","Cxcl11"
"147","ENSMUSG00000060183","ENSMUSG00000060183.7","ENSMUST00000077820","ENSMUST00000077820.6","chemokine.(C-X-C.motif).ligand.11.[Source:MGI.Symbol;Acc:MGI:1860203]","polymorphic_pseudogene","1419698_at","Cxcl11"
"148","ENSMUSG00000060183","ENSMUSG00000060183.7","ENSMUST00000077820","ENSMUST00000077820.6","chemokine.(C-X-C.motif).ligand.11.[Source:MGI.Symbol;Acc:MGI:1860203]","polymorphic_pseudogene","1419697_at","Cxcl11"
"149","ENSMUSG00000052336","ENSMUSG00000052336.8","ENSMUST00000064165","ENSMUST00000064165.5","chemokine.(C-X3-C.motif).receptor.1.[Source:MGI.Symbol;Acc:MGI:1333815]","protein_coding","1450019_at","Cx3cr1"
"150","ENSMUSG00000052336","ENSMUSG00000052336.8","ENSMUST00000064165","ENSMUST00000064165.5","chemokine.(C-X3-C.motif).receptor.1.[Source:MGI.Symbol;Acc:MGI:1333815]","protein_coding","1450020_at","Cx3cr1"
"151","ENSMUSG00000052336","ENSMUSG00000052336.8","ENSMUST00000215016","ENSMUST00000215016.2","chemokine.(C-X3-C.motif).receptor.1.[Source:MGI.Symbol;Acc:MGI:1333815]","protein_coding","1450019_at","Cx3cr1"
"152","ENSMUSG00000052336","ENSMUSG00000052336.8","ENSMUST00000215016","ENSMUST00000215016.2","chemokine.(C-X3-C.motif).receptor.1.[Source:MGI.Symbol;Acc:MGI:1333815]","protein_coding","1450020_at","Cx3cr1"
"153","ENSMUSG00000052336","ENSMUSG00000052336.8","ENSMUST00000177637","ENSMUST00000177637.2","chemokine.(C-X3-C.motif).receptor.1.[Source:MGI.Symbol;Acc:MGI:1333815]","protein_coding","1450019_at","Cx3cr1"
"154","ENSMUSG00000052336","ENSMUSG00000052336.8","ENSMUST00000177637","ENSMUST00000177637.2","chemokine.(C-X3-C.motif).receptor.1.[Source:MGI.Symbol;Acc:MGI:1333815]","protein_coding","1450020_at","Cx3cr1"
"155","ENSMUSG00000042262","ENSMUSG00000042262.6","ENSMUST00000048777","ENSMUST00000048777.4","chemokine.(C-C.motif).receptor.8.[Source:MGI.Symbol;Acc:MGI:1201402]","protein_coding","1422291_at","Ccr8"
"156","ENSMUSG00000023078","ENSMUSG00000023078.7","ENSMUST00000023840","ENSMUST00000023840.7","chemokine.(C-X-C.motif).ligand.13.[Source:MGI.Symbol;Acc:MGI:1888499]","protein_coding","1417851_at","Cxcl13"
"157","ENSMUSG00000023078","ENSMUSG00000023078.7","ENSMUST00000023840","ENSMUST00000023840.7","chemokine.(C-X-C.motif).ligand.13.[Source:MGI.Symbol;Acc:MGI:1888499]","protein_coding","1448859_at","Cxcl13"
"158","ENSMUSG00000044534","ENSMUSG00000044534.9","ENSMUST00000214340","ENSMUST00000214340.2","atypical.chemokine.receptor.2.[Source:MGI.Symbol;Acc:MGI:1891697]","protein_coding","1437937_at","Ackr2"
"159","ENSMUSG00000044534","ENSMUSG00000044534.9","ENSMUST00000214340","ENSMUST00000214340.2","atypical.chemokine.receptor.2.[Source:MGI.Symbol;Acc:MGI:1891697]","protein_coding","1422111_at","Ackr2"
"160","ENSMUSG00000044534","ENSMUSG00000044534.9","ENSMUST00000214340","ENSMUST00000214340.2","atypical.chemokine.receptor.2.[Source:MGI.Symbol;Acc:MGI:1891697]","protein_coding","1422112_at","Ackr2"
"161","ENSMUSG00000044534","ENSMUSG00000044534.9","ENSMUST00000050327","ENSMUST00000050327.5","atypical.chemokine.receptor.2.[Source:MGI.Symbol;Acc:MGI:1891697]","protein_coding","1437937_at","Ackr2"
"162","ENSMUSG00000044534","ENSMUSG00000044534.9","ENSMUST00000050327","ENSMUST00000050327.5","atypical.chemokine.receptor.2.[Source:MGI.Symbol;Acc:MGI:1891697]","protein_coding","1422111_at","Ackr2"
"163","ENSMUSG00000044534","ENSMUSG00000044534.9","ENSMUST00000050327","ENSMUST00000050327.5","atypical.chemokine.receptor.2.[Source:MGI.Symbol;Acc:MGI:1891697]","protein_coding","1422112_at","Ackr2"
"164","ENSMUSG00000044534","ENSMUSG00000044534.9","ENSMUST00000215664","ENSMUST00000215664.2","atypical.chemokine.receptor.2.[Source:MGI.Symbol;Acc:MGI:1891697]","protein_coding","1422111_at","Ackr2"
"165","ENSMUSG00000044534","ENSMUSG00000044534.9","ENSMUST00000216326","ENSMUST00000216326.2","atypical.chemokine.receptor.2.[Source:MGI.Symbol;Acc:MGI:1891697]","protein_coding","1422111_at","Ackr2"
"166","ENSMUSG00000060509","ENSMUSG00000060509.6","ENSMUST00000182350","ENSMUST00000182350.3","chemokine.(C.motif).receptor.1.[Source:MGI.Symbol;Acc:MGI:1346338]","protein_coding","1422294_at","Xcr1"
"167","ENSMUSG00000025804","ENSMUSG00000025804.6","ENSMUST00000026911","ENSMUST00000026911.6","chemokine.(C-C.motif).receptor.1.[Source:MGI.Symbol;Acc:MGI:104618]","protein_coding","1419610_at","Ccr1"
"168","ENSMUSG00000025804","ENSMUSG00000025804.6","ENSMUST00000026911","ENSMUST00000026911.6","chemokine.(C-C.motif).receptor.1.[Source:MGI.Symbol;Acc:MGI:104618]","protein_coding","1419609_at","Ccr1"
"169","ENSMUSG00000064039","ENSMUSG00000064039.5","ENSMUST00000071404","ENSMUST00000071404.5","chemokine.(C-C.motif).receptor.1-like.1.[Source:MGI.Symbol;Acc:MGI:104617]","protein_coding","1422349_at","Ccr1l1"
"170","ENSMUSG00000035448","ENSMUSG00000035448.10","ENSMUST00000039171","ENSMUST00000039171.9","chemokine.(C-C.motif).receptor.3.[Source:MGI.Symbol;Acc:MGI:104616]","protein_coding","1422957_at","Ccr3"
"171","ENSMUSG00000049103","ENSMUSG00000049103.15","ENSMUST00000171719","ENSMUST00000171719.8","chemokine.(C-C.motif).receptor.2.[Source:MGI.Symbol;Acc:MGI:106185]","protein_coding","1460067_at","Ccr2"
"172","ENSMUSG00000049103","ENSMUSG00000049103.15","ENSMUST00000171719","ENSMUST00000171719.8","chemokine.(C-C.motif).receptor.2.[Source:MGI.Symbol;Acc:MGI:106185]","protein_coding","1421187_at","Ccr2"
"173","ENSMUSG00000049103","ENSMUSG00000049103.15","ENSMUST00000168841","ENSMUST00000168841.3","chemokine.(C-C.motif).receptor.2.[Source:MGI.Symbol;Acc:MGI:106185]","protein_coding","1421186_at","Ccr2"
"174","ENSMUSG00000049103","ENSMUSG00000049103.15","ENSMUST00000168841","ENSMUST00000168841.3","chemokine.(C-C.motif).receptor.2.[Source:MGI.Symbol;Acc:MGI:106185]","protein_coding","1421188_at","Ccr2"
"175","ENSMUSG00000049103","ENSMUSG00000049103.15","ENSMUST00000168841","ENSMUST00000168841.3","chemokine.(C-C.motif).receptor.2.[Source:MGI.Symbol;Acc:MGI:106185]","protein_coding","1421187_at","Ccr2"
"176","ENSMUSG00000049103","ENSMUSG00000049103.15","ENSMUST00000055918","ENSMUST00000055918.7","chemokine.(C-C.motif).receptor.2.[Source:MGI.Symbol;Acc:MGI:106185]","protein_coding","1421186_at","Ccr2"
"177","ENSMUSG00000049103","ENSMUSG00000049103.15","ENSMUST00000055918","ENSMUST00000055918.7","chemokine.(C-C.motif).receptor.2.[Source:MGI.Symbol;Acc:MGI:106185]","protein_coding","1421188_at","Ccr2"
"178","ENSMUSG00000049103","ENSMUSG00000049103.15","ENSMUST00000055918","ENSMUST00000055918.7","chemokine.(C-C.motif).receptor.2.[Source:MGI.Symbol;Acc:MGI:106185]","protein_coding","1421187_at","Ccr2"
"179","ENSMUSG00000049103","ENSMUSG00000049103.15","ENSMUST00000165984","ENSMUST00000165984.3","chemokine.(C-C.motif).receptor.2.[Source:MGI.Symbol;Acc:MGI:106185]","protein_coding","1421186_at","Ccr2"
"180","ENSMUSG00000049103","ENSMUSG00000049103.15","ENSMUST00000165984","ENSMUST00000165984.3","chemokine.(C-C.motif).receptor.2.[Source:MGI.Symbol;Acc:MGI:106185]","protein_coding","1421188_at","Ccr2"
"181","ENSMUSG00000049103","ENSMUSG00000049103.15","ENSMUST00000165984","ENSMUST00000165984.3","chemokine.(C-C.motif).receptor.2.[Source:MGI.Symbol;Acc:MGI:106185]","protein_coding","1421187_at","Ccr2"
"182","ENSMUSG00000079227","ENSMUSG00000079227.11","ENSMUST00000111442","ENSMUST00000111442.3","chemokine.(C-C.motif).receptor.5.[Source:MGI.Symbol;Acc:MGI:107182]","protein_coding","1422260_x_at","Ccr5"
"183","ENSMUSG00000079227","ENSMUSG00000079227.11","ENSMUST00000111442","ENSMUST00000111442.3","chemokine.(C-C.motif).receptor.5.[Source:MGI.Symbol;Acc:MGI:107182]","protein_coding","1424727_at","Ccr5"
"184","ENSMUSG00000079227","ENSMUSG00000079227.11","ENSMUST00000111442","ENSMUST00000111442.3","chemokine.(C-C.motif).receptor.5.[Source:MGI.Symbol;Acc:MGI:107182]","protein_coding","1422259_a_at","Ccr5"
"185","ENSMUSG00000079227","ENSMUSG00000079227.11","ENSMUST00000169553","ENSMUST00000169553.8","chemokine.(C-C.motif).receptor.5.[Source:MGI.Symbol;Acc:MGI:107182]","protein_coding","1422260_x_at","Ccr5"
"186","ENSMUSG00000079227","ENSMUSG00000079227.11","ENSMUST00000169553","ENSMUST00000169553.8","chemokine.(C-C.motif).receptor.5.[Source:MGI.Symbol;Acc:MGI:107182]","protein_coding","1422259_a_at","Ccr5"
"187","ENSMUSG00000079227","ENSMUSG00000079227.11","ENSMUST00000168179","ENSMUST00000168179.8","chemokine.(C-C.motif).receptor.5.[Source:MGI.Symbol;Acc:MGI:107182]","protein_coding","Ccr5",NA
"188","ENSMUSG00000079227","ENSMUSG00000079227.11","ENSMUST00000171499","ENSMUST00000171499.3","chemokine.(C-C.motif).receptor.5.[Source:MGI.Symbol;Acc:MGI:107182]","protein_coding","1422260_x_at","Ccr5"
"189","ENSMUSG00000079227","ENSMUSG00000079227.11","ENSMUST00000171499","ENSMUST00000171499.3","chemokine.(C-C.motif).receptor.5.[Source:MGI.Symbol;Acc:MGI:107182]","protein_coding","1422259_a_at","Ccr5"
"190","ENSMUSG00000079227","ENSMUSG00000079227.11","ENSMUST00000171579","ENSMUST00000171579.3","chemokine.(C-C.motif).receptor.5.[Source:MGI.Symbol;Acc:MGI:107182]","protein_coding","1424727_at","Ccr5"
"191","ENSMUSG00000079227","ENSMUSG00000079227.11","ENSMUST00000097855","ENSMUST00000097855.4","chemokine.(C-C.motif).receptor.5.[Source:MGI.Symbol;Acc:MGI:107182]","protein_coding","Ccr5",NA
"192","ENSMUSG00000029530","ENSMUSG00000029530.17","ENSMUST00000163559","ENSMUST00000163559.8","chemokine.(C-C.motif).receptor.9.[Source:MGI.Symbol;Acc:MGI:1341902]","protein_coding","1421920_a_at","Ccr9"
"193","ENSMUSG00000029530","ENSMUSG00000029530.17","ENSMUST00000163559","ENSMUST00000163559.8","chemokine.(C-C.motif).receptor.9.[Source:MGI.Symbol;Acc:MGI:1341902]","protein_coding","1421919_a_at","Ccr9"
"194","ENSMUSG00000029530","ENSMUSG00000029530.17","ENSMUST00000163559","ENSMUST00000163559.8","chemokine.(C-C.motif).receptor.9.[Source:MGI.Symbol;Acc:MGI:1341902]","protein_coding","1442758_at","Ccr9"
"195","ENSMUSG00000029530","ENSMUSG00000029530.17","ENSMUST00000163559","ENSMUST00000163559.8","chemokine.(C-C.motif).receptor.9.[Source:MGI.Symbol;Acc:MGI:1341902]","protein_coding","1427419_x_at","Ccr9"
"196","ENSMUSG00000029530","ENSMUSG00000029530.17","ENSMUST00000215921","ENSMUST00000215921.2","chemokine.(C-C.motif).receptor.9.[Source:MGI.Symbol;Acc:MGI:1341902]","protein_coding","1436065_at","Ccr9"
"197","ENSMUSG00000029530","ENSMUSG00000029530.17","ENSMUST00000166236","ENSMUST00000166236.9","chemokine.(C-C.motif).receptor.9.[Source:MGI.Symbol;Acc:MGI:1341902]","protein_coding","1421920_a_at","Ccr9"
"198","ENSMUSG00000029530","ENSMUSG00000029530.17","ENSMUST00000166236","ENSMUST00000166236.9","chemokine.(C-C.motif).receptor.9.[Source:MGI.Symbol;Acc:MGI:1341902]","protein_coding","1421919_a_at","Ccr9"
"199","ENSMUSG00000029530","ENSMUSG00000029530.17","ENSMUST00000166236","ENSMUST00000166236.9","chemokine.(C-C.motif).receptor.9.[Source:MGI.Symbol;Acc:MGI:1341902]","protein_coding","1442758_at","Ccr9"
"200","ENSMUSG00000029530","ENSMUSG00000029530.17","ENSMUST00000166236","ENSMUST00000166236.9","chemokine.(C-C.motif).receptor.9.[Source:MGI.Symbol;Acc:MGI:1341902]","protein_coding","1427419_x_at","Ccr9"
"201","ENSMUSG00000029530","ENSMUSG00000029530.17","ENSMUST00000111454","ENSMUST00000111454.4","chemokine.(C-C.motif).receptor.9.[Source:MGI.Symbol;Acc:MGI:1341902]","protein_coding","1421920_a_at","Ccr9"
"202","ENSMUSG00000029530","ENSMUSG00000029530.17","ENSMUST00000111454","ENSMUST00000111454.4","chemokine.(C-C.motif).receptor.9.[Source:MGI.Symbol;Acc:MGI:1341902]","protein_coding","1421919_a_at","Ccr9"
"203","ENSMUSG00000029530","ENSMUSG00000029530.17","ENSMUST00000111454","ENSMUST00000111454.4","chemokine.(C-C.motif).receptor.9.[Source:MGI.Symbol;Acc:MGI:1341902]","protein_coding","1427419_x_at","Ccr9"
"204","ENSMUSG00000029530","ENSMUSG00000029530.17","ENSMUST00000168910","ENSMUST00000168910.2","chemokine.(C-C.motif).receptor.9.[Source:MGI.Symbol;Acc:MGI:1341902]","protein_coding","1421920_a_at","Ccr9"
"205","ENSMUSG00000029530","ENSMUSG00000029530.17","ENSMUST00000168910","ENSMUST00000168910.2","chemokine.(C-C.motif).receptor.9.[Source:MGI.Symbol;Acc:MGI:1341902]","protein_coding","1421919_a_at","Ccr9"
"206","ENSMUSG00000029530","ENSMUSG00000029530.17","ENSMUST00000168910","ENSMUST00000168910.2","chemokine.(C-C.motif).receptor.9.[Source:MGI.Symbol;Acc:MGI:1341902]","protein_coding","1442758_at","Ccr9"
"207","ENSMUSG00000029530","ENSMUSG00000029530.17","ENSMUST00000168910","ENSMUST00000168910.2","chemokine.(C-C.motif).receptor.9.[Source:MGI.Symbol;Acc:MGI:1341902]","protein_coding","1427419_x_at","Ccr9"
"208","ENSMUSG00000029530","ENSMUSG00000029530.17","ENSMUST00000180093","ENSMUST00000180093.2","chemokine.(C-C.motif).receptor.9.[Source:MGI.Symbol;Acc:MGI:1341902]","protein_coding","1421920_a_at","Ccr9"
"209","ENSMUSG00000029530","ENSMUSG00000029530.17","ENSMUST00000180093","ENSMUST00000180093.2","chemokine.(C-C.motif).receptor.9.[Source:MGI.Symbol;Acc:MGI:1341902]","protein_coding","1421919_a_at","Ccr9"
"210","ENSMUSG00000029530","ENSMUSG00000029530.17","ENSMUST00000180093","ENSMUST00000180093.2","chemokine.(C-C.motif).receptor.9.[Source:MGI.Symbol;Acc:MGI:1341902]","protein_coding","1442758_at","Ccr9"
"211","ENSMUSG00000029530","ENSMUSG00000029530.17","ENSMUST00000180093","ENSMUST00000180093.2","chemokine.(C-C.motif).receptor.9.[Source:MGI.Symbol;Acc:MGI:1341902]","protein_coding","1427419_x_at","Ccr9"
"212","ENSMUSG00000048521","ENSMUSG00000048521.9","ENSMUST00000049810","ENSMUST00000049810.9","chemokine.(C-X-C.motif).receptor.6.[Source:MGI.Symbol;Acc:MGI:1934582]","protein_coding","1425832_a_at","Cxcr6"
"213","ENSMUSG00000048521","ENSMUSG00000048521.9","ENSMUST00000049810","ENSMUST00000049810.9","chemokine.(C-X-C.motif).receptor.6.[Source:MGI.Symbol;Acc:MGI:1934582]","protein_coding","1422812_at","Cxcr6"
"214","ENSMUSG00000048521","ENSMUSG00000048521.9","ENSMUST00000216072","ENSMUST00000216072.2","chemokine.(C-X-C.motif).receptor.6.[Source:MGI.Symbol;Acc:MGI:1934582]","protein_coding","1425832_a_at","Cxcr6"
"215","ENSMUSG00000048521","ENSMUSG00000048521.9","ENSMUST00000216072","ENSMUST00000216072.2","chemokine.(C-X-C.motif).receptor.6.[Source:MGI.Symbol;Acc:MGI:1934582]","protein_coding","1422812_at","Cxcr6"
"216","ENSMUSG00000026180","ENSMUSG00000026180.9","ENSMUST00000106899","ENSMUST00000106899.4","chemokine.(C-X-C.motif).receptor.2.[Source:MGI.Symbol;Acc:MGI:105303]","protein_coding","Cxcr2",NA
"217","ENSMUSG00000026180","ENSMUSG00000026180.9","ENSMUST00000027372","ENSMUST00000027372.8","chemokine.(C-X-C.motif).receptor.2.[Source:MGI.Symbol;Acc:MGI:105303]","protein_coding","Cxcr2",NA
"218","ENSMUSG00000048480","ENSMUSG00000048480.6","ENSMUST00000190313","ENSMUST00000190313.2","chemokine.(C-X-C.motif).receptor.1.[Source:MGI.Symbol;Acc:MGI:2448715]","protein_coding","Cxcr1",NA
"219","ENSMUSG00000048480","ENSMUSG00000048480.6","ENSMUST00000053389","ENSMUST00000053389.5","chemokine.(C-X-C.motif).receptor.1.[Source:MGI.Symbol;Acc:MGI:2448715]","protein_coding","Cxcr1",NA
"220","ENSMUSG00000094065","ENSMUSG00000094065.2","ENSMUST00000098128","ENSMUST00000098128.4","chemokine.(C-C.motif).ligand.21D.[Source:MGI.Symbol;Acc:MGI:5434896]","protein_coding","1419426_s_at","Ccl21d"
"221","ENSMUSG00000082902","ENSMUSG00000082902.4","ENSMUST00000119621","ENSMUST00000119621.2","chemokine.(C-C.motif).ligand.19,.pseudogene.1.[Source:MGI.Symbol;Acc:MGI:1891387]","unprocessed_pseudogene","1449277_at","Ccl19-ps1"
"222","ENSMUSG00000094162","ENSMUSG00000094162.2","ENSMUST00000179634","ENSMUST00000179634.2","chemokine.(C-C.motif).ligand.19,.pseudogene.3.[Source:MGI.Symbol;Acc:MGI:1891391]","unprocessed_pseudogene","1449277_at","Ccl19-ps3"
"223","ENSMUSG00000095675","ENSMUSG00000095675.3","ENSMUST00000178864","ENSMUST00000178864.3","chemokine.(C-C.motif).ligand.21B.(leucine).[Source:MGI.Symbol;Acc:MGI:1349182]","protein_coding","1419426_s_at","Ccl21b"
"224","ENSMUSG00000096826","ENSMUSG00000096826.3","ENSMUST00000177785","ENSMUST00000177785.3","chemokine.(C-C.motif).ligand.27b.[Source:MGI.Symbol;Acc:MGI:1891389]","protein_coding","1419188_s_at","Ccl27b"
"225","ENSMUSG00000071005","ENSMUSG00000071005.8","ENSMUST00000102957","ENSMUST00000102957.6","chemokine.(C-C.motif).ligand.19.[Source:MGI.Symbol;Acc:MGI:1346316]","protein_coding","1449277_at","Ccl19"
"226","ENSMUSG00000071005","ENSMUSG00000071005.8","ENSMUST00000134240","ENSMUST00000134240.2","chemokine.(C-C.motif).ligand.19.[Source:MGI.Symbol;Acc:MGI:1346316]","protein_coding","1449277_at","Ccl19"
"227","ENSMUSG00000071005","ENSMUSG00000071005.8","ENSMUST00000140546","ENSMUST00000140546.3","chemokine.(C-C.motif).ligand.19.[Source:MGI.Symbol;Acc:MGI:1346316]","protein_coding","1449277_at","Ccl19"
"228","ENSMUSG00000094686","ENSMUSG00000094686.2","ENSMUST00000095114","ENSMUST00000095114.5","chemokine.(C-C.motif).ligand.21A.(serine).[Source:MGI.Symbol;Acc:MGI:1349183]","protein_coding","1419426_s_at","Ccl21a"
"229","ENSMUSG00000037872","ENSMUSG00000037872.6","ENSMUST00000194298","ENSMUST00000194298.2","atypical.chemokine.receptor.1.(Duffy.blood.group).[Source:MGI.Symbol;Acc:MGI:1097689]","protein_coding","Ackr1",NA
"230","ENSMUSG00000037872","ENSMUSG00000037872.6","ENSMUST00000038227","ENSMUST00000038227.6","atypical.chemokine.receptor.1.(Duffy.blood.group).[Source:MGI.Symbol;Acc:MGI:1097689]","protein_coding","1432273_a_at","Ackr1"
"231","ENSMUSG00000037872","ENSMUSG00000037872.6","ENSMUST00000194046","ENSMUST00000194046.2","atypical.chemokine.receptor.1.(Duffy.blood.group).[Source:MGI.Symbol;Acc:MGI:1097689]","protein_coding","1432273_a_at","Ackr1"
"232","ENSMUSG00000018920","ENSMUSG00000018920.12","ENSMUST00000019064","ENSMUST00000019064.9","chemokine.(C-X-C.motif).ligand.16.[Source:MGI.Symbol;Acc:MGI:1932682]","protein_coding","1418718_at","Cxcl16"
"233","ENSMUSG00000018920","ENSMUSG00000018920.12","ENSMUST00000019064","ENSMUST00000019064.9","chemokine.(C-X-C.motif).ligand.16.[Source:MGI.Symbol;Acc:MGI:1932682]","protein_coding","1449195_s_at","Cxcl16"
"234","ENSMUSG00000018920","ENSMUSG00000018920.12","ENSMUST00000126391","ENSMUST00000126391.2","chemokine.(C-X-C.motif).ligand.16.[Source:MGI.Symbol;Acc:MGI:1932682]","protein_coding","1418718_at","Cxcl16"
"235","ENSMUSG00000018920","ENSMUSG00000018920.12","ENSMUST00000126391","ENSMUST00000126391.2","chemokine.(C-X-C.motif).ligand.16.[Source:MGI.Symbol;Acc:MGI:1932682]","protein_coding","1449195_s_at","Cxcl16"
"236","ENSMUSG00000018920","ENSMUSG00000018920.12","ENSMUST00000154475","ENSMUST00000154475.2","chemokine.(C-X-C.motif).ligand.16.[Source:MGI.Symbol;Acc:MGI:1932682]","protein_coding","1418718_at","Cxcl16"
"237","ENSMUSG00000018920","ENSMUSG00000018920.12","ENSMUST00000154475","ENSMUST00000154475.2","chemokine.(C-X-C.motif).ligand.16.[Source:MGI.Symbol;Acc:MGI:1932682]","protein_coding","1449195_s_at","Cxcl16"
"238","ENSMUSG00000070464","ENSMUSG00000070464.2","ENSMUST00000094226","ENSMUST00000094226.2","chemokine.(C-C.motif).ligand.26.[Source:MGI.Symbol;Acc:MGI:3589281]","protein_coding","Ccl26",NA
"239","ENSMUSG00000004814","ENSMUSG00000004814.11","ENSMUST00000004936","ENSMUST00000004936.10","chemokine.(C-C.motif).ligand.24.[Source:MGI.Symbol;Acc:MGI:1928953]","protein_coding","1450488_at","Ccl24"
"240","ENSMUSG00000004814","ENSMUSG00000004814.11","ENSMUST00000201401","ENSMUST00000201401.2","chemokine.(C-C.motif).ligand.24.[Source:MGI.Symbol;Acc:MGI:1928953]","protein_coding","1450488_at","Ccl24"
"241","ENSMUSG00000073888","ENSMUSG00000073888.14","ENSMUST00000108033","ENSMUST00000108033.8","chemokine.(C-C.motif).ligand.27A.[Source:MGI.Symbol;Acc:MGI:1343459]","protein_coding","1419188_s_at","Ccl27a"
"242","ENSMUSG00000073888","ENSMUSG00000073888.14","ENSMUST00000151909","ENSMUST00000151909.8","chemokine.(C-C.motif).ligand.27A.[Source:MGI.Symbol;Acc:MGI:1343459]","protein_coding","1419188_s_at","Ccl27a"
"243","ENSMUSG00000073888","ENSMUSG00000073888.14","ENSMUST00000108035","ENSMUST00000108035.8","chemokine.(C-C.motif).ligand.27A.[Source:MGI.Symbol;Acc:MGI:1343459]","protein_coding","1430375_a_at","Ccl27a"
"244","ENSMUSG00000073888","ENSMUSG00000073888.14","ENSMUST00000108035","ENSMUST00000108035.8","chemokine.(C-C.motif).ligand.27A.[Source:MGI.Symbol;Acc:MGI:1343459]","protein_coding","1434962_x_at","Ccl27a"
"245","ENSMUSG00000073888","ENSMUSG00000073888.14","ENSMUST00000108035","ENSMUST00000108035.8","chemokine.(C-C.motif).ligand.27A.[Source:MGI.Symbol;Acc:MGI:1343459]","protein_coding","1419188_s_at","Ccl27a"
"246","ENSMUSG00000073888","ENSMUSG00000073888.14","ENSMUST00000138337","ENSMUST00000138337.8","chemokine.(C-C.motif).ligand.27A.[Source:MGI.Symbol;Acc:MGI:1343459]","protein_coding","1430375_a_at","Ccl27a"
"247","ENSMUSG00000073888","ENSMUSG00000073888.14","ENSMUST00000138337","ENSMUST00000138337.8","chemokine.(C-C.motif).ligand.27A.[Source:MGI.Symbol;Acc:MGI:1343459]","protein_coding","1434962_x_at","Ccl27a"
"248","ENSMUSG00000073888","ENSMUSG00000073888.14","ENSMUST00000138337","ENSMUST00000138337.8","chemokine.(C-C.motif).ligand.27A.[Source:MGI.Symbol;Acc:MGI:1343459]","protein_coding","1419188_s_at","Ccl27a"
"249","ENSMUSG00000073888","ENSMUSG00000073888.14","ENSMUST00000136768","ENSMUST00000136768.8","chemokine.(C-C.motif).ligand.27A.[Source:MGI.Symbol;Acc:MGI:1343459]","protein_coding","1430375_a_at","Ccl27a"
"250","ENSMUSG00000073888","ENSMUSG00000073888.14","ENSMUST00000136768","ENSMUST00000136768.8","chemokine.(C-C.motif).ligand.27A.[Source:MGI.Symbol;Acc:MGI:1343459]","protein_coding","1419188_s_at","Ccl27a"
"251","ENSMUSG00000073888","ENSMUSG00000073888.14","ENSMUST00000108036","ENSMUST00000108036.8","chemokine.(C-C.motif).ligand.27A.[Source:MGI.Symbol;Acc:MGI:1343459]","protein_coding","1430375_a_at","Ccl27a"
"252","ENSMUSG00000073888","ENSMUSG00000073888.14","ENSMUST00000108036","ENSMUST00000108036.8","chemokine.(C-C.motif).ligand.27A.[Source:MGI.Symbol;Acc:MGI:1343459]","protein_coding","1419188_s_at","Ccl27a"
"253","ENSMUSG00000073888","ENSMUSG00000073888.14","ENSMUST00000151142","ENSMUST00000151142.8","chemokine.(C-C.motif).ligand.27A.[Source:MGI.Symbol;Acc:MGI:1343459]","protein_coding","1430375_a_at","Ccl27a"
"254","ENSMUSG00000073888","ENSMUSG00000073888.14","ENSMUST00000151142","ENSMUST00000151142.8","chemokine.(C-C.motif).ligand.27A.[Source:MGI.Symbol;Acc:MGI:1343459]","protein_coding","1419188_s_at","Ccl27a"
"255","ENSMUSG00000073888","ENSMUSG00000073888.14","ENSMUST00000108037","ENSMUST00000108037.9","chemokine.(C-C.motif).ligand.27A.[Source:MGI.Symbol;Acc:MGI:1343459]","protein_coding","1430375_a_at","Ccl27a"
"256","ENSMUSG00000073888","ENSMUSG00000073888.14","ENSMUST00000108037","ENSMUST00000108037.9","chemokine.(C-C.motif).ligand.27A.[Source:MGI.Symbol;Acc:MGI:1343459]","protein_coding","1419188_s_at","Ccl27a"
"257","ENSMUSG00000073888","ENSMUSG00000073888.14","ENSMUST00000074387","ENSMUST00000074387.4","chemokine.(C-C.motif).ligand.27A.[Source:MGI.Symbol;Acc:MGI:1343459]","protein_coding","1419188_s_at","Ccl27a"
"258","ENSMUSG00000073888","ENSMUSG00000073888.14","ENSMUST00000155322","ENSMUST00000155322.8","chemokine.(C-C.motif).ligand.27A.[Source:MGI.Symbol;Acc:MGI:1343459]","protein_coding","1430375_a_at","Ccl27a"
"259","ENSMUSG00000073888","ENSMUSG00000073888.14","ENSMUST00000155322","ENSMUST00000155322.8","chemokine.(C-C.motif).ligand.27A.[Source:MGI.Symbol;Acc:MGI:1343459]","protein_coding","1434962_x_at","Ccl27a"
"260","ENSMUSG00000073888","ENSMUSG00000073888.14","ENSMUST00000155322","ENSMUST00000155322.8","chemokine.(C-C.motif).ligand.27A.[Source:MGI.Symbol;Acc:MGI:1343459]","protein_coding","1419188_s_at","Ccl27a"
"261","ENSMUSG00000073888","ENSMUSG00000073888.14","ENSMUST00000131349","ENSMUST00000131349.8","chemokine.(C-C.motif).ligand.27A.[Source:MGI.Symbol;Acc:MGI:1343459]","protein_coding","1430375_a_at","Ccl27a"
"262","ENSMUSG00000073888","ENSMUSG00000073888.14","ENSMUST00000131349","ENSMUST00000131349.8","chemokine.(C-C.motif).ligand.27A.[Source:MGI.Symbol;Acc:MGI:1343459]","protein_coding","1434962_x_at","Ccl27a"
"263","ENSMUSG00000073888","ENSMUSG00000073888.14","ENSMUST00000131349","ENSMUST00000131349.8","chemokine.(C-C.motif).ligand.27A.[Source:MGI.Symbol;Acc:MGI:1343459]","protein_coding","1419188_s_at","Ccl27a"
"264","ENSMUSG00000073888","ENSMUSG00000073888.14","ENSMUST00000144090","ENSMUST00000144090.8","chemokine.(C-C.motif).ligand.27A.[Source:MGI.Symbol;Acc:MGI:1343459]","protein_coding","Ccl27a",NA
"265","ENSMUSG00000073888","ENSMUSG00000073888.14","ENSMUST00000133572","ENSMUST00000133572.8","chemokine.(C-C.motif).ligand.27A.[Source:MGI.Symbol;Acc:MGI:1343459]","protein_coding","Ccl27a",NA
"266","ENSMUSG00000073888","ENSMUSG00000073888.14","ENSMUST00000133556","ENSMUST00000133556.8","chemokine.(C-C.motif).ligand.27A.[Source:MGI.Symbol;Acc:MGI:1343459]","protein_coding","Ccl27a",NA
"267","ENSMUSG00000073888","ENSMUSG00000073888.14","ENSMUST00000108032","ENSMUST00000108032.3","chemokine.(C-C.motif).ligand.27A.[Source:MGI.Symbol;Acc:MGI:1343459]","protein_coding","Ccl27a",NA
"268","ENSMUSG00000073888","ENSMUSG00000073888.14","ENSMUST00000173865","ENSMUST00000173865.9","chemokine.(C-C.motif).ligand.27A.[Source:MGI.Symbol;Acc:MGI:1343459]","protein_coding","Ccl27a",NA
"269","ENSMUSG00000073888","ENSMUSG00000073888.14","ENSMUST00000155240","ENSMUST00000155240.2","chemokine.(C-C.motif).ligand.27A.[Source:MGI.Symbol;Acc:MGI:1343459]","protein_coding","Ccl27a",NA
"270","ENSMUSG00000073888","ENSMUSG00000073888.14","ENSMUST00000143676","ENSMUST00000143676.2","chemokine.(C-C.motif).ligand.27A.[Source:MGI.Symbol;Acc:MGI:1343459]","protein_coding","Ccl27a",NA
"271","ENSMUSG00000073888","ENSMUSG00000073888.14","ENSMUST00000126759","ENSMUST00000126759.2","chemokine.(C-C.motif).ligand.27A.[Source:MGI.Symbol;Acc:MGI:1343459]","protein_coding","Ccl27a",NA
"272","ENSMUSG00000035042","ENSMUSG00000035042.3","ENSMUST00000035938","ENSMUST00000035938.3","chemokine.(C-C.motif).ligand.5.[Source:MGI.Symbol;Acc:MGI:98262]","protein_coding","1418126_at","Ccl5"
"273","ENSMUSG00000035042","ENSMUSG00000035042.3","ENSMUST00000125015","ENSMUST00000125015.2","chemokine.(C-C.motif).ligand.5.[Source:MGI.Symbol;Acc:MGI:98262]","protein_coding","Ccl5",NA
"274","ENSMUSG00000019122","ENSMUSG00000019122.9","ENSMUST00000019266","ENSMUST00000019266.6","chemokine.(C-C.motif).ligand.9.[Source:MGI.Symbol;Acc:MGI:104533]","protein_coding","1448898_at","Ccl9"
"275","ENSMUSG00000019122","ENSMUSG00000019122.9","ENSMUST00000019266","ENSMUST00000019266.6","chemokine.(C-C.motif).ligand.9.[Source:MGI.Symbol;Acc:MGI:104533]","protein_coding","1417936_at","Ccl9"
"276","ENSMUSG00000019122","ENSMUSG00000019122.9","ENSMUST00000136131","ENSMUST00000136131.2","chemokine.(C-C.motif).ligand.9.[Source:MGI.Symbol;Acc:MGI:104533]","protein_coding","1417936_at","Ccl9"
"277","ENSMUSG00000018927","ENSMUSG00000018927.4","ENSMUST00000019071","ENSMUST00000019071.4","chemokine.(C-C.motif).ligand.6.[Source:MGI.Symbol;Acc:MGI:98263]","protein_coding","1417266_at","Ccl6"
"278","ENSMUSG00000018927","ENSMUSG00000018927.4","ENSMUST00000019071","ENSMUST00000019071.4","chemokine.(C-C.motif).ligand.6.[Source:MGI.Symbol;Acc:MGI:98263]","protein_coding","1420249_s_at","Ccl6"
"279","ENSMUSG00000018927","ENSMUSG00000018927.4","ENSMUST00000138145","ENSMUST00000138145.2","chemokine.(C-C.motif).ligand.6.[Source:MGI.Symbol;Acc:MGI:98263]","protein_coding","1417266_at","Ccl6"
"280","ENSMUSG00000018927","ENSMUSG00000018927.4","ENSMUST00000138145","ENSMUST00000138145.2","chemokine.(C-C.motif).ligand.6.[Source:MGI.Symbol;Acc:MGI:98263]","protein_coding","1420249_s_at","Ccl6"
"281","ENSMUSG00000018927","ENSMUSG00000018927.4","ENSMUST00000150243","ENSMUST00000150243.2","chemokine.(C-C.motif).ligand.6.[Source:MGI.Symbol;Acc:MGI:98263]","protein_coding","1417266_at","Ccl6"
"282","ENSMUSG00000000982","ENSMUSG00000000982.6","ENSMUST00000001008","ENSMUST00000001008.6","chemokine.(C-C.motif).ligand.3.[Source:MGI.Symbol;Acc:MGI:98260]","protein_coding","1419561_at","Ccl3"
"283","ENSMUSG00000018930","ENSMUSG00000018930.4","ENSMUST00000019074","ENSMUST00000019074.4","chemokine.(C-C.motif).ligand.4.[Source:MGI.Symbol;Acc:MGI:98261]","protein_coding","1421578_at","Ccl4"
